case_id,total,json_valid,output_dirs,has_rosbag,has_score,has_camera,oracle_triggered,exact_oracle_match,observed_superset_contains_expected,partial_oracle_overlap,different_oracle_symptom,no_observed_oracle,spawn_failure,execution_hang,no_failure_reached_goal,trace_ready_no_oracle,partial_artifacts_no_oracle,high_priority_review,medium_priority_review,different_failure_review,hang_review
case_001,12,12,12,10,2,12,10,3,0,0,7,2,0,0,0,0,2,3,0,7,0
case_002,12,12,12,9,1,10,9,8,1,0,0,3,2,0,0,0,1,9,0,0,0
case_004,12,12,12,12,0,12,11,0,0,11,0,1,0,0,1,0,0,0,11,0,0
case_010,12,12,12,4,7,12,2,0,0,0,2,10,0,0,2,0,8,0,0,2,0
case_024,12,12,12,3,4,12,3,0,0,3,0,9,0,1,0,0,8,0,3,0,1
case_027,12,12,12,0,11,11,0,0,0,0,0,12,1,6,0,0,5,0,0,0,6
case_029,12,12,12,4,8,12,3,0,0,2,1,9,0,0,1,0,8,0,2,1,0
case_037,12,12,12,11,1,12,11,0,0,11,0,1,0,0,0,0,1,0,11,0,0
case_039,12,12,12,4,4,8,3,0,0,0,3,9,4,0,1,0,4,0,0,3,0
case_040,12,12,12,8,4,12,8,8,0,0,0,4,0,0,0,0,4,8,0,0,0
case_061,12,12,12,11,1,12,11,0,0,11,0,1,0,0,0,0,1,0,11,0,0
case_067,12,12,12,10,2,12,10,0,0,10,0,2,0,0,0,0,2,0,10,0,0
case_068,12,12,12,11,0,12,11,11,0,0,0,1,0,0,0,0,1,11,0,0,0
case_069,12,12,12,4,2,12,3,0,0,3,0,9,0,0,1,0,8,0,3,0,0
case_079,12,12,12,11,0,12,11,0,0,11,0,1,0,0,0,0,1,0,11,0,0
case_094,12,12,12,5,7,12,2,0,0,1,1,10,0,0,3,0,7,0,1,1,0
case_098,12,12,12,5,5,11,4,4,0,0,0,8,1,1,1,0,5,4,0,0,1
case_103,12,12,12,8,4,12,6,0,0,6,0,6,0,0,2,0,4,0,6,0,0
case_104,12,12,12,3,9,12,2,2,0,0,0,10,0,0,1,0,9,2,0,0,0
case_112,12,12,12,4,4,12,3,0,0,3,0,9,0,0,1,0,8,0,3,0,0
case_118,12,12,12,10,1,12,10,0,0,10,0,2,0,0,0,0,2,0,10,0,0
case_137,12,12,12,11,1,12,11,10,1,0,0,1,0,0,0,0,1,11,0,0,0
case_142,12,12,12,3,4,12,1,0,0,1,0,11,0,0,2,0,9,0,1,0,0
case_143,12,12,12,10,1,12,10,0,0,9,1,2,0,0,0,0,2,0,9,1,0
case_147,12,12,12,3,8,12,2,0,0,1,1,10,0,0,1,0,9,0,1,1,0
case_151,12,12,12,2,9,11,1,0,0,0,1,11,1,1,1,0,8,0,0,1,1
case_156,12,12,12,0,12,12,0,0,0,0,0,12,0,1,0,0,11,0,0,0,1
case_157,12,12,12,9,2,11,9,9,0,0,0,3,1,0,0,0,2,9,0,0,0
case_168,12,12,12,11,1,12,11,0,0,11,0,1,0,0,0,0,1,0,11,0,0
case_169,12,12,12,1,11,12,0,0,0,0,0,12,0,0,1,0,11,0,0,0,0
