Case ID,Index,Collision,Stuck,Lane Invasion,Red,Sum,Group,Selection Rationale
case_001,1,1,0,0,0,8,C,collision-only group; include clean/pilot and spread samples
case_002,2,0,0,0,1,1,R,dominant group; evenly sampled across the pool
case_004,4,0,0,1,1,3,L+R,dominant mixed group; evenly sampled across the pool
case_010,10,0,0,1,0,2,L,only lane-only case; must include
case_024,24,1,0,0,1,9,C+R,rare collision + red-light group; include one representative
case_027,27,0,1,0,0,4,S,stuck-only group; included for rare stuck coverage
case_029,29,0,0,1,1,3,L+R,dominant mixed group; evenly sampled across the pool
case_037,37,1,0,1,1,11,C+L+R,collision-related multi-oracle group; oversampled for root-cause diversity
case_039,39,0,1,1,0,6,S+L,stuck-related mixed group; included for rare stuck coverage
case_040,40,0,0,0,1,1,R,dominant group; evenly sampled across the pool
case_061,61,1,0,1,1,11,C+L+R,collision-related multi-oracle group; oversampled for root-cause diversity
case_067,67,0,1,1,1,7,S+L+R,rare stuck + lane + red-light group; include one representative
case_068,68,0,0,0,1,1,R,dominant group; evenly sampled across the pool
case_069,69,1,0,1,0,10,C+L,collision + lane-invasion group; oversampled for collision coverage
case_079,79,0,0,1,1,3,L+R,dominant mixed group; evenly sampled across the pool
case_094,94,1,1,1,0,14,C+S+L,only collision + stuck + lane case; must include
case_098,98,1,0,0,0,8,C,collision-only group; include clean/pilot and spread samples
case_103,103,0,0,1,1,3,L+R,dominant mixed group; evenly sampled across the pool
case_104,104,0,0,0,1,1,R,dominant group; evenly sampled across the pool
case_112,112,1,0,1,0,10,C+L,collision + lane-invasion group; oversampled for collision coverage
case_118,118,1,0,1,1,11,C+L+R,collision-related multi-oracle group; oversampled for root-cause diversity
case_137,137,0,0,0,1,1,R,dominant group; evenly sampled across the pool
case_142,142,1,0,1,1,11,C+L+R,collision-related multi-oracle group; oversampled for root-cause diversity
case_143,143,0,0,1,1,3,L+R,dominant mixed group; evenly sampled across the pool
case_147,147,1,0,1,0,10,C+L,collision + lane-invasion group; oversampled for collision coverage
case_151,151,0,1,1,0,6,S+L,stuck-related mixed group; included for rare stuck coverage
case_156,156,0,1,0,0,4,S,stuck-only group; included for rare stuck coverage
case_157,157,1,0,0,0,8,C,collision-only group; include clean/pilot and spread samples
case_168,168,0,0,1,1,3,L+R,dominant mixed group; evenly sampled across the pool
case_169,169,0,0,0,1,1,R,dominant group; evenly sampled across the pool
