case_id,total,json_valid,output_dirs,has_rosbag,has_score,has_camera,oracle_triggered,exact_oracle_match,observed_superset_contains_expected,partial_oracle_overlap,different_oracle_symptom,no_observed_oracle,invalid_crash,no_observed_oracle_or_incomplete,needs_same_root_cause_review,different_failure
case_001,6,6,6,6,0,6,6,2,0,0,4,0,0,0,2,4
case_002,6,6,6,2,1,3,2,2,0,0,0,4,3,1,2,0
case_004,6,6,6,6,0,6,6,0,0,5,1,0,0,0,5,1
case_010,6,6,6,3,3,6,3,0,0,0,3,3,0,3,0,3
case_024,6,6,6,1,0,6,1,0,0,1,0,5,0,5,1,0
case_027,6,6,6,1,5,5,1,0,0,0,1,5,0,5,0,1
case_029,6,6,6,1,5,6,0,0,0,0,0,6,0,6,0,0
case_037,6,6,6,5,0,6,5,0,0,5,0,1,0,1,5,0
case_039,6,6,6,4,2,6,2,0,0,0,2,4,0,4,0,2
case_040,6,6,6,5,1,6,5,5,0,0,0,1,0,1,5,0
case_061,6,6,6,5,0,6,5,0,0,5,0,1,0,1,5,0
case_067,6,6,6,6,0,6,6,0,0,6,0,0,0,0,6,0
case_068,6,6,6,4,1,6,4,3,1,0,0,2,0,2,4,0
case_069,6,6,6,0,2,6,0,0,0,0,0,6,0,6,0,0
case_079,6,6,6,5,1,6,4,0,0,4,0,2,0,2,4,0
case_094,6,6,6,1,5,6,1,0,0,0,1,5,0,5,0,1
case_098,6,6,6,2,4,6,2,2,0,0,0,4,0,4,2,0
case_103,6,6,6,5,1,6,4,0,0,4,0,2,0,2,4,0
case_104,6,6,6,1,5,6,1,0,0,0,1,5,0,5,0,1
case_112,6,6,6,2,0,4,1,0,0,1,0,5,2,3,1,0
case_118,6,6,6,5,0,6,5,0,0,5,0,1,0,1,5,0
case_137,6,6,6,5,0,5,5,5,0,0,0,1,1,0,5,0
case_142,6,6,6,1,2,6,1,0,0,1,0,5,0,5,1,0
case_143,6,6,6,4,2,6,4,0,0,4,0,2,0,2,4,0
case_147,6,6,6,2,4,6,1,0,0,0,1,5,0,5,0,1
case_151,6,6,6,0,6,6,0,0,0,0,0,6,0,6,0,0
case_156,6,6,6,1,5,6,1,0,0,0,1,5,0,5,0,1
case_157,6,6,6,4,2,6,4,4,0,0,0,2,0,2,4,0
case_168,6,6,6,6,0,6,6,0,0,6,0,0,0,0,6,0
case_169,6,6,6,1,5,6,1,1,0,0,0,5,0,5,1,0
